title,image_url
Inspirational Sports Stories for Young Readers: How 12 World-Class Athletes Overcame Challenges and Rose to the Top,https://m.media-amazon.com/images/I/71oOGrXqs0L._AC_UY218_.jpg
Sports Biz: There's More To Sports Than You Think,https://m.media-amazon.com/images/I/61zE21VLGwL._AC_UY218_.jpg
World Team Tennis and the Legacy of a Sports League: 1974-1978,https://m.media-amazon.com/images/I/61Nv1pns7FL._AC_UY218_.jpg
Spectacular Stories for Curious Kids Sports Edition: Fascinating Tales to Inspire & Amaze Young Readers,https://m.media-amazon.com/images/I/71sQa1VN4bL._AC_UY218_.jpg
"Modern Sports around the World: History, Geography, and Sociology",https://m.media-amazon.com/images/I/510rXEU-O-S._AC_UY218_.jpg
Sports Sticker Activity Book,https://m.media-amazon.com/images/I/914LcElsYXL._AC_UY218_.jpg
Complex Cases in Sport Psychology,https://m.media-amazon.com/images/I/716yndF8zQL._AC_UY218_.jpg
G.O.A.T. Football Teams (Greatest of All Time Teams (Lerner ™ Sports)),https://m.media-amazon.com/images/I/91o-OrFvC3L._AC_UY218_.jpg
"Weird Moments in Cleveland Sports: Bottlegate, Bedbugs, and Burying the Pennant",https://m.media-amazon.com/images/I/71Zr-bOEULL._AC_UY218_.jpg
The Logic Of Sports Betting,https://m.media-amazon.com/images/I/71FMZktDTuL._AC_UY218_.jpg
"Who Shot Sports: A Photographic History, 1843 to the Present",https://m.media-amazon.com/images/I/A16BLQKY0rL._AC_UY218_.jpg
Sports Shorts: 52 Stories of Faith from All-Star Believers,https://m.media-amazon.com/images/I/61cJ9N9cZLL._AC_UY218_.jpg
You're More Than a Diversity Hire Women in College Sports: The Three Keys to Getting to the Executive Chair,https://m.media-amazon.com/images/I/615W756QJSL._AC_UY218_.jpg
Applying Music in Exercise and Sport,https://m.media-amazon.com/images/I/81KD3cxRo9L._AC_UY218_.jpg
Weird But True Sports: 300 Wacky Facts About Awesome Athletics,https://m.media-amazon.com/images/I/81AsNjyMOsL._AC_UY218_.jpg
Talking to GOATs: The Moments You Remember and the Stories You Never Heard,https://m.media-amazon.com/images/I/81yQZONBEXL._AC_UY218_.jpg
"Sports Coloring Books For Kids Ages 8-12: Includes Basketball, Football, Baseball and More!",https://m.media-amazon.com/images/I/7160PZgQKEL._AC_UY218_.jpg
The Ultimate Goal (Good Sports League #1) (The Good Sports League),https://m.media-amazon.com/images/I/71k8gsldAVL._AC_UY218_.jpg
Sports Illustrated The New York Mets: Celebrating Six Decades of Amazin' Baseball,https://m.media-amazon.com/images/I/71R3K3hCsCL._AC_UY218_.jpg
Scholastic Year in Sports 2023,https://m.media-amazon.com/images/I/71tpudpS5iL._AC_UY218_.jpg
Sports Ministry,https://m.media-amazon.com/images/I/81Ruj6wr6AL._AC_UY218_.jpg
My Sporting Hero: Connor McDavid: Learn all about your favorite hockey star (My Sporting Hero: Biographies for Children aged 9 - 12),https://m.media-amazon.com/images/I/71H6H5YsljL._AC_UY218_.jpg
Mental Toughness For Young Athletes: Eight Proven 5-Minute Mindset Exercises For Kids And Teens Who Play Competitive Sports,https://m.media-amazon.com/images/I/612ljYfr74L._AC_UY218_.jpg
If Only You (Bergman Brothers Book 6),https://m.media-amazon.com/images/I/71gW3KrmTxL._AC_UY218_.jpg
My Sporting Hero: Rafael Nadal: Learn all about your favorite tennis star (My Sporting Hero: Biographies for Children aged 9 - 12),https://m.media-amazon.com/images/I/71CJLxxcYlL._AC_UY218_.jpg
Sports Illustrated Kids Graphic Novels Box: Spring and Summer Sports Set 1,https://m.media-amazon.com/images/I/71PsnH7G9PL._AC_UY218_.jpg
My Sporting Hero: Alex Morgan: Learn all about your favorite soccer star (My Sporting Hero: Biographies for Children aged 9 - 12),https://m.media-amazon.com/images/I/71GW8Dbn0FL._AC_UY218_.jpg
Football GOATs: The Greatest Athletes of All Time (Sports Illustrated Kids: GOATs),https://m.media-amazon.com/images/I/91ip-rkt3kL._AC_UY218_.jpg
Sports coloring book for toddler: A Variety Of Coloring Pages For Kids!,https://m.media-amazon.com/images/I/710W5nRuSqL._AC_UY218_.jpg
Sports Illustrated Kids Graphic Novels Box: Fall and Winter Sports Set 1,https://m.media-amazon.com/images/I/61eTliR+mjL._AC_UY218_.jpg
A Game of Extremes 25 Exceptional Football Stories: About What Happened On and Off The Field,https://m.media-amazon.com/images/I/619EwSvaPeL._AC_UY218_.jpg
Little Kids First Big Book of Sports (National Geographic Little Kids First Big Books),https://m.media-amazon.com/images/I/918+cwNgifL._AC_UY218_.jpg
The Undefeated Athlete: How to be a Champion in Any Sport,https://m.media-amazon.com/images/I/712pFhcAMmL._AC_UY218_.jpg
Examination of Orthopedic & Athletic Injuries,https://m.media-amazon.com/images/I/81idTh9kroL._AC_UY218_.jpg
Sports Crosswords: Test Your Knowledge of Sports History and Trivia,https://m.media-amazon.com/images/I/71zw0kuyITL._AC_UY218_.jpg
My Sporting Hero: Stephen Curry: Learn all about your favorite NBA star (My Sporting Hero: Biographies for Children aged 9 - 12),https://m.media-amazon.com/images/I/71K8IWxPVlL._AC_UY218_.jpg
Scholastic Year in Sports 2022,https://m.media-amazon.com/images/I/912NOSpWYDL._AC_UY218_.jpg
Athlon Sports 2023 NFL Draft Preview Pro Football Guide Magazine Bryce Young Alabama,https://m.media-amazon.com/images/I/61gAFmx+qEL._AC_UY218_.jpg
All-Star Activity Book (A Sports Illustrated Kids Book),https://m.media-amazon.com/images/I/71MKUYkVwkL._AC_UY218_.jpg
Baseball Goats: The Greatest Athletes of All Time (Sports Illustrated Kids: Goats),https://m.media-amazon.com/images/I/91Wyq2gVyGL._AC_UY218_.jpg
The Buzzer Beater (Local Legends),https://m.media-amazon.com/images/I/71xzgPQeGZL._AC_UY218_.jpg
Sports Coloring Book for Kids Ages 4-8: Simple & Cute Animals Coloring Book for Boys and Girls (Educational Kids Coloring Books),https://m.media-amazon.com/images/I/71R0qar-nPL._AC_UY218_.jpg
"Sports Word Search: Baseball, Soccer, Football, Basketball and Hockey Puzzle Book",https://m.media-amazon.com/images/I/61oHwKayQAL._AC_UY218_.jpg
Sports Biographies for Kids: Decoding Greatness With The Greatest Players from the 1960s to Today (Biographies of Greatest Players of All Time for Kids Ages 8-12),https://m.media-amazon.com/images/I/71uhAz7u7uL._AC_UY218_.jpg
Big Book of WHO All-Stars (Sports Illustrated Kids Big Books),https://m.media-amazon.com/images/I/616V6Rg3SGL._AC_UY218_.jpg
"The Sport Horse Problem Solver: What Works, What Doesn't, and How to Make It All Better",https://m.media-amazon.com/images/I/81zS9Lx0R3L._AC_UY218_.jpg
My First Book of Baseball: A Rookie Book,https://m.media-amazon.com/images/I/71nMQ1zdIuL._AC_UY218_.jpg
Coloring Books For Boys Cool Sports And Games: Cool Sports Coloring Book For Boys Aged 6-12 (The Future Teacher's Coloring Books For Boys),https://m.media-amazon.com/images/I/61l+k-FNsSL._AC_UY218_.jpg
The Ultimate Oakland Athletics Trivia Book: A Collection of Amazing Trivia Quizzes and Fun Facts for Die-Hard A's Fans!,https://m.media-amazon.com/images/I/71oQbzYutsL._AC_UY218_.jpg
Rising Above: How 11 Athletes Overcame Challenges in Their Youth to Become Stars,https://m.media-amazon.com/images/I/81Gg9ppRlqL._AC_UY218_.jpg
Sports Illustrated Magazine April 2023 Julio Radrigver,https://m.media-amazon.com/images/I/71RwU8VariL._AC_UY218_.jpg
Don't Throw It to Mo! (Step into Reading),https://m.media-amazon.com/images/I/81i0TSp3GfL._AC_UY218_.jpg
"National Standards for Sport Coaches: Quality Coaches, Quality Sports: Quality Coaches, Quality Sports",https://m.media-amazon.com/images/I/51OMEOiIn-L._AC_UY218_.jpg
"Sports Medicine: Study Guide and Review for Boards, Third Edition",https://m.media-amazon.com/images/I/618K--StqxL._AC_UY218_.jpg
"The Basketball Maniac's Almanac: The Absolutely, Positively, and Without Question Greatest Book of Fact, Figures, and Astonishing Lists Ever Compiled",https://m.media-amazon.com/images/I/71Bv6E-JD-L._AC_UY218_.jpg
Shooter's Bible Guide to Shotgun Sports for Women: A Comprehensive Guide to the Art and Science of Wing and Clay Shooting,https://m.media-amazon.com/images/I/81SCDdvKcOL._AC_UY218_.jpg
Think Like a Warrior: The Five Inner Beliefs That Make You Unstoppable (Sports for the Soul),https://m.media-amazon.com/images/I/61aSVNDdLpL._AC_UY218_.jpg
My Sporting Hero: Rory McIlroy: Learn all about your favorite golf star (My Sporting Hero: Biographies for Children aged 9 - 12),https://m.media-amazon.com/images/I/71BXcx0qXsL._AC_UY218_.jpg
The Story of Football in 100 Photographs,https://m.media-amazon.com/images/I/61yCUVxlcpL._AC_UY218_.jpg
The Mental Game: Winning the War Within Your Mind (Sports for the Soul),https://m.media-amazon.com/images/I/61qoj1hTFxL._AC_UY218_.jpg
Sports I Spy Book: A Toddler Book for Learning about Sports with ABC Alphabet . Fun and Interactive Guessing Game Picture Book for Kids Ages 2-5 and Preschoolers.,https://m.media-amazon.com/images/I/617rf2FCe2L._AC_UY218_.jpg
Basketball's Greatest Players (Step into Reading),https://m.media-amazon.com/images/I/91n2t8LNBpL._AC_UY218_.jpg
My Sporting Hero: Giannis Antetokounmpo: Learn all about your favorite NBA star (My Sporting Hero: Biographies for Children aged 9 - 12),https://m.media-amazon.com/images/I/71N8WfE6BdL._AC_UY218_.jpg
"The Champion's Mind: How Great Athletes Think, Train, and Thrive",https://m.media-amazon.com/images/I/71BxiVsnogL._AC_UY218_.jpg
"American Football Activity Book For Kids: The Perfect American Football Activity Book Ideal For Any football loving, Hours of football Themed Activity ... Much More, Awesome Gift for kids age 5 and up",https://m.media-amazon.com/images/I/71PEebCh5NL._AC_UY218_.jpg
Statistical Sports Models in Excel,https://m.media-amazon.com/images/I/61kudKbZCPL._AC_UY218_.jpg
Stephen Curry: The Children's Book: The Boy Who Never Gave Up,https://m.media-amazon.com/images/I/71UtzuVf-1L._AC_UY218_.jpg
"The Greatest Sports Trivia Book of All Time: With over 800 trivia questions, answers, stats and fun facts",https://m.media-amazon.com/images/I/71HdxHgCDqL._AC_UY218_.jpg
"Spot The Difference - Sports Picture Puzzles: Adults, Kids and All Ages Photo Puzzles Book For Sports Fans & Lovers! ( Can You Find The 150 Differences ? )",https://m.media-amazon.com/images/I/51d+9DVe6sL._AC_UY218_.jpg
Work with What You Got: A Memoir,https://m.media-amazon.com/images/I/81v-SiIWmUL._AC_UY218_.jpg
Recovery for Performance in Sport,https://m.media-amazon.com/images/I/71CjrV1712L._AC_UY218_.jpg
The Ultimate 1990's Sports Trivia Book,https://m.media-amazon.com/images/I/71TvVR-PzyL._AC_UY218_.jpg
"The ultimate baseball activity book for kids: The Perfect baseball Activity Book Ideal For Any Baseball loving, Hours of Baseball Themed Activity Fun ... Much More, Awesome Gift for kids age 5 and up",https://m.media-amazon.com/images/I/71DL0gG56SL._AC_UY218_.jpg
"30 Day Champions Journal: An Edge in Sports, Habits for Life",https://m.media-amazon.com/images/I/71iivzhplmL._AC_UY218_.jpg
"ABC Sports for Kids - ABC's for Babies, Toddlers, Preschool, Kindergarten, Sports for Kids, Perfect Book for Kids Who Love Sports, Sports for ... with Sport, Sports Alphabet: Smart Kid Series",https://m.media-amazon.com/images/I/71ZNURO5-gL._AC_UY218_.jpg
My Sporting Hero: Shohei Ohtani: Learn all about your favorite baseball star (My Sporting Hero: Biographies for Children aged 9 - 12),https://m.media-amazon.com/images/I/71L0PachLrL._AC_UY218_.jpg
Stories of Forgotten Sports Idols and Other Ordinary Mortals,https://m.media-amazon.com/images/I/61uSRxsh5GL._AC_UY218_.jpg
Soviet Sport Methods: a detailed look inside the World's greatest system,https://m.media-amazon.com/images/I/51cMIKtaw7L._AC_UY218_.jpg
Binding 13 – Alternative Cover: Boys of Tommen #1 Alternative Cover,https://m.media-amazon.com/images/I/615fBmnXyoL._AC_UY218_.jpg
Aaron Judge (Sports All-Stars (Lerner ™ Sports)),https://m.media-amazon.com/images/I/81YeoZlSiSL._AC_UY218_.jpg
Minutes to Memories: Growing Up With Sports in The 1970's,https://m.media-amazon.com/images/I/71QwPBrDT-L._AC_UY218_.jpg
Ride Free: A Memoir,https://m.media-amazon.com/images/I/71wT--k-Y-L._AC_UY218_.jpg
Basketball Goats: The Greatest Athletes of All Time (Sports Illustrated Kids; Goats),https://m.media-amazon.com/images/I/818n6mJkoCL._AC_UY218_.jpg
The Sports Gene: Inside the Science of Extraordinary Athletic Performance,https://m.media-amazon.com/images/I/81ZCtdJDcaL._AC_UY218_.jpg
Grays Sports Almanac: Complete Sports Statistics 1950-2000,https://m.media-amazon.com/images/I/71jokzlhbdL._AC_UY218_.jpg
It's a Numbers Game! Football,https://m.media-amazon.com/images/I/91hUn2oWfHL._AC_UY218_.jpg
Dogsledding and Extreme Sports: A Nonfiction Companion to Magic Tree House Merlin Mission #26: Balto of the Blue Dawn (Magic Tree House (R) Fact Tracker),https://m.media-amazon.com/images/I/917UaMut4gL._AC_UY218_.jpg
"The Basketball Book for Boys 9-12: The History of the Game, Biographies of the Greatest Players of All Time, Stories of Amazing Games, and Incredible Facts",https://m.media-amazon.com/images/I/712jxPHeZML._AC_UY218_.jpg
"Max Out Mindset For PARENTS BOOK and WORKBOOK: A Guide for Adults, Parents, And Families To Help You Be In The Best Position To Max Out In Sports And Life",https://m.media-amazon.com/images/I/614BvdXHXpL._AC_UY218_.jpg
Big Book of WHO Football (Sports Illustrated Kids Big Books),https://m.media-amazon.com/images/I/710GMJzO08L._AC_UY218_.jpg
"Plant-Based Sports Nutrition: Expert fueling strategies for training, recovery, and performance",https://m.media-amazon.com/images/I/81ntGs7k7TL._AC_UY218_.jpg
Sports Word Search Book Kids Ages 8-12: Sports Themed Word Search For Kids,https://m.media-amazon.com/images/I/71WYdthZhPL._AC_UY218_.jpg
"Sports Crossword Puzzles: FOOTBALL, BASEBALL, HOCKEY, BASKETBALL, GOLF & MORE. Sports Interior, Easy to Hard Words.",https://m.media-amazon.com/images/I/61b3TB43NpL._AC_UY218_.jpg
New Functional Training for Sports,https://m.media-amazon.com/images/I/81E3t4iM1gL._AC_UY218_.jpg
The Great Book of Basketball: Interesting Facts and Sports Stories (Sports Trivia),https://m.media-amazon.com/images/I/71mj-21VAwL._AC_UY218_.jpg
"Power Players: Sports, Politics, and the American Presidency",https://m.media-amazon.com/images/I/91HEqE7rkjL._AC_UY218_.jpg
New Functional Training for Sports,https://m.media-amazon.com/images/I/81E3t4iM1gL._AC_UY218_.jpg
The Great Book of Basketball: Interesting Facts and Sports Stories (Sports Trivia),https://m.media-amazon.com/images/I/71mj-21VAwL._AC_UY218_.jpg
"Power Players: Sports, Politics, and the American Presidency",https://m.media-amazon.com/images/I/91HEqE7rkjL._AC_UY218_.jpg
The Power of Mental Toughness: Techniques for Peak Athletic Performance,https://m.media-amazon.com/images/I/61Gm7ljmLSL._AC_UY218_.jpg
